Date,Year,Month,GovernmentDeposits,TotalDeposits,GovernmentShare
2001-12-01,2001.0,Dic,8651.708902999999,86297.385799,0.1002545885126946
2002-01-01,2002.0,Ene,12070.075408,89569.04584400001,0.13475721767788088
2002-02-01,2002.0,Feb,10286.82561,89370.98806799999,0.11510251629055539
2002-03-01,2002.0,Mar,12835.203060000002,89542.053468,0.14334273743886128
2002-04-01,2002.0,Abr,13129.466622,90656.195796,0.14482701934178566
2002-05-01,2002.0,May,12931.111572,90990.32679200002,0.14211523387051864
2002-06-01,2002.0,Jun,12106.584502,91525.73127399999,0.13227520101157778
2002-07-01,2002.0,Jul,11887.088662,91453.52925200001,0.12997955091755017
2002-08-01,2002.0,Ago,13406.756624000001,95312.88616600001,0.14066048320738456
2002-09-01,2002.0,Sep,10757.66702,90061.50602,0.1194480027639227
2002-10-01,2002.0,Oct,10798.134485,91517.55433700001,0.11798976232731755
2002-11-01,2002.0,Nov,11045.633885000001,93907.39686099999,0.11762261817724057
2002-12-01,2002.0,Dic,11339.014446000001,101685.945867,0.11151014379932946
2003-01-01,2003.0,Ene,11686.629769000001,122924.20403747,0.09507183601886622
2003-02-01,2003.0,Feb,12867.037514000001,115045.54857284999,0.1118429845710392
2003-03-01,2003.0,Mar,12266.229683999998,123239.01127740002,0.09953203581283049
2003-04-01,2003.0,Abr,9998.963023999999,133468.88814318,0.0749160584395782
2003-05-01,2003.0,May,9030.320321000001,140150.56983561002,0.06443299040162405
2003-06-01,2003.0,Jun,10326.525128,154023.78085015,0.06704500481030713
2003-07-01,2003.0,Jul,8841.348189,154178.24429305,0.05734497905031954
2003-08-01,2003.0,Ago,9793.195882,148305.45682055,0.06603395513524356
2003-09-01,2003.0,Sep,8918.162529000001,143438.84067936,0.062173972452381036
2003-10-01,2003.0,Oct,9357.319826,153332.16481103,0.06102646393554915
2003-11-01,2003.0,Nov,10424.558968,168046.24887784,0.06203386887605005
2003-12-01,2003.0,Dic,10588.794175,164410.64345777,0.06440455406233968
2004-01-01,2004.0,Ene,12059.993955999998,185847.55689845997,0.06489186168096425
2004-02-01,2004.0,Feb,16089.402841000001,186306.77993495,0.08635972800677302
2004-03-01,2004.0,Mar,10787.650715,170405.12295475003,0.06330590611330734
2004-04-01,2004.0,Abr,15895.403677,181033.19620187,0.08780380621063026
2004-05-01,2004.0,May,13738.692711,192420.07051016,0.07139947862286321
2004-06-01,2004.0,Jun,12982.529314,198663.94139465998,0.06534919836413235
2004-07-01,2004.0,Jul,12073.39978,199994.06567798,0.060368790139203224
2004-08-01,2004.0,Ago,11195.916443000002,187630.26810339,0.059670097773514404
2004-09-01,2004.0,Sep,12904.725728999998,176297.74678649,0.0731984722676496
2004-10-01,2004.0,Oct,13529.147787,182972.30868973996,0.07394095797272211
2004-11-01,2004.0,Nov,14058.540068,175001.26193674,0.08033393538088843
2004-12-01,2004.0,Dic,10260.383962,179754.26077850998,0.05708005984148917
2005-01-01,2005.0,Ene,12922.124297000002,178940.61882231,0.07221459488654063
2005-02-01,2005.0,Feb,12885.158411999999,178693.88071050995,0.07210744072917855
2005-03-01,2005.0,Mar,13957.401868,183593.49755880996,0.07602339981310649
2005-04-01,2005.0,Abr,16539.262592,190796.28008411,0.08668545626103866
2005-05-01,2005.0,May,17173.014187,193431.61780331997,0.08878080213577809
2005-06-01,2005.0,Jun,15793.772085,196076.98698500003,0.08054883098651568
2005-07-01,2005.0,Jul,15749.269348,198486.92997149998,0.07934663179213554
2005-08-01,2005.0,Ago,15960.064767999998,205096.017096,0.07781752661013167
2005-09-01,2005.0,Sep,17119.857397,207009.05038899998,0.08270100927872143
2005-10-01,2005.0,Oct,18614.850123,220183.91633108002,0.08454227916906401
2005-11-01,2005.0,Nov,19223.377350000002,222756.31503882003,0.08629778844496472
2005-12-01,2005.0,Dic,16289.949086,226572.63522170996,0.07189724862430834
2006-01-01,2006.0,Ene,19265.798377999996,228757.090623,0.08421945883964196
2006-02-01,2006.0,Feb,16115.715436,220740.979861,0.07300735661383774
2006-03-01,2006.0,Mar,11815.748491999997,219570.21440000003,0.05381307534944046
2006-04-01,2006.0,Abr,12884.503641999998,226346.30693199998,0.05692385184738544
2006-05-01,2006.0,May,13302.308413,230533.60421331605,0.057702253250208085
2006-06-01,2006.0,Jun,12972.674851,240391.74955371,0.05396472580728714
2006-07-01,2006.0,Jul,10595.302602999998,243980.66986717,0.043426811676385596
2006-08-01,2006.0,Ago,11409.985526,247806.78018748996,0.046043879499048555
2006-09-01,2006.0,Sep,11235.726459000001,249112.33075779,0.04510305220468758
2006-10-01,2006.0,Oct,14232.128850999998,256417.99215483997,0.05550362800753005
2006-11-01,2006.0,Nov,17901.983284,259708.11250497,0.06893116703721534
2006-12-01,2006.0,Dic,18543.124040999995,262412.40769493,0.07066405206935748
2007-01-01,2007.0,Ene,25517.50793825,273747.34196087,0.09321554596828752
2007-02-01,2007.0,Feb,21921.42824447,273975.00457768,0.08001251164594698
2007-03-01,2007.0,Mar,20128.28547299,275629.15006854,0.07302669354088545
2007-04-01,2007.0,Abr,19814.66835053,285122.31414501,0.06949532662832023
2007-05-01,2007.0,May,22897.15291189,292616.53122797,0.0782496901859978
2007-06-01,2007.0,Jun,23767.5055293,299881.34057011,0.0792563668153382
2007-07-01,2007.0,Jul,20293.84713197,298643.62927169004,0.0679533904053508
2007-08-01,2007.0,Ago,23262.63389125,305842.23805148,0.07606089348369988
2007-09-01,2007.0,Sep,25951.081285969998,310479.29303057,0.08358393576802829
2007-10-01,2007.0,Oct,27320.52890724,317049.92008664,0.08617106384942201
2007-11-01,2007.0,Nov,25281.93222755,318694.99952938,0.07932955416584532
2007-12-01,2007.0,Dic,19427.14732915,323731.00612092,0.060010153373735144
2008-01-01,2008.0,Ene,18239.95669214,327401.90628083004,0.05571121102909712
2008-02-01,2008.0,Feb,17264.10091805,332775.26146624004,0.05187915965262171
2008-03-01,2008.0,Mar,21837.5664492,338036.22766153,0.06460126064081388
2008-04-01,2008.0,Abr,23040.80773613,344600.05457765004,0.06686246107641902
2008-05-01,2008.0,May,21402.059291669997,337291.56239513,0.06345269694768686
2008-06-01,2008.0,Jun,19002.34298506,328104.83402748,0.05791546181080796
2008-07-01,2008.0,Jul,14230.13187013,320842.79348589,0.04435234999521911
2008-08-01,2008.0,Ago,17658.71011596,323993.43754255003,0.054503295652835196
2008-09-01,2008.0,Sep,14707.42590094,321234.72458210005,0.04578404753742968
2008-10-01,2008.0,Oct,16237.01973271,316280.84743665,0.05133734737435285
2008-11-01,2008.0,Nov,16964.95939939,319774.56879862,0.053052872412983496
2008-12-01,2008.0,Dic,18225.76611481,327454.89626969,0.055658859654977834
2009-01-01,2009.0,Ene,16332.602653999998,323439.39689031994,0.050496639590069704
2009-02-01,2009.0,Feb,15578.037494,321913.18506947,0.048392045484679985
2009-03-01,2009.0,Mar,18730.324792,329306.60239231,0.056878072458705714
2009-04-01,2009.0,Abr,17689.110015000002,333465.75470086,0.053046256671448196
2009-05-01,2009.0,May,17672.127362,333965.46924668,0.052916031713885585
2009-06-01,2009.0,Jun,18522.793450999998,340720.95200105,0.054363529281706506
2009-07-01,2009.0,Jul,17372.423352,342905.13298657996,0.05066247682177418
2009-08-01,2009.0,Ago,18111.390266000002,345480.51644854003,0.05242376748819561
2009-09-01,2009.0,Sep,17931.118328999997,349445.11356395006,0.05131311794897518
2009-10-01,2009.0,Oct,22295.695083000002,356633.55677355,0.06251709817973466
2009-11-01,2009.0,Nov,23315.318021,363924.69690145995,0.06406632531265967
2009-12-01,2009.0,Dic,19325.730000000003,375304.59208106,0.051493454670615765
2010-01-01,2010.0,Ene,23303.1347302,381340.17421348,0.06110852279926466
2010-02-01,2010.0,Feb,22089.94157659,387540.31385955005,0.05700037076554493
2010-03-01,2010.0,Mar,21402.86513192,396998.81623778003,0.05391165982495243
2010-04-01,2010.0,Abr,22266.33759635,405488.12136097,0.05491242880707783
2010-05-01,2010.0,May,20481.70629081,412514.43781041005,0.049650883492769554
2010-06-01,2010.0,Jun,19442.80596952,408785.64691695,0.0475623498920696
2010-07-01,2010.0,Jul,20290.63007012,414915.84603703005,0.04890300108786185
2010-08-01,2010.0,Ago,21311.46549615,417681.15009118995,0.051023287719585114
2010-09-01,2010.0,Sep,22711.22058095,417856.99191246,0.05435165863087423
2010-10-01,2010.0,Oct,20790.341217139998,420449.20144157996,0.049447926517298305
2010-11-01,2010.0,Nov,26389.413541320002,429059.2702577,0.061505286962964555
2010-12-01,2010.0,Dic,28287.56699261,450502.41977403,0.06279115438891299
2011-01-01,2011.0,Ene,34049.04050448,444691.48315334995,0.07656778192160324
2011-02-01,2011.0,Feb,21632.192107590003,443658.40581242996,0.048758666181421724
2011-03-01,2011.0,Mar,17001.93438184,448180.05152199004,0.037935500083286944
2011-04-01,2011.0,Abr,21556.57349695,461347.75390773,0.04672521609644888
2011-05-01,2011.0,May,20845.46786027,459721.33072961005,0.04534370381984838
2011-06-01,2011.0,Jun,16539.498592840002,457997.32780904,0.03611265304092794
2011-07-01,2011.0,Jul,19406.20093331,465326.00137685996,0.04170452731179583
2011-08-01,2011.0,Ago,18406.5604296,468593.09984264,0.039280476890891425
2011-09-01,2011.0,Sep,19948.701633660003,469863.55661518004,0.04245637132908791
2011-10-01,2011.0,Oct,20818.442823579997,470910.37538979994,0.04420892788006074
2011-11-01,2011.0,Nov,18886.48346042,474346.34647369,0.03981580885111245
2011-12-01,2011.0,Dic,24265.281328189998,508854.70136651996,0.047686070823411926
2012-01-01,2012.0,Ene,18404.042287,494126.43786276993,0.03724561342356512
2012-02-01,2012.0,Feb,20493.548656,502991.80551194004,0.040743305221725964
2012-03-01,2012.0,Mar,21025.015190000002,505487.83492615004,0.041593513705570545
2012-04-01,2012.0,Abr,25181.830727,518392.42422969,0.048576772248204
2012-05-01,2012.0,May,21152.188586,515752.75363985996,0.04101226495975271
2012-06-01,2012.0,Jun,18994.332474,520310.56757431995,0.036505759555396484
2012-07-01,2012.0,Jul,18953.2532484,524805.6214671801,0.036114806078892746
2012-08-01,2012.0,Ago,16249.400411999999,541845.17113519,0.029989010288597344
2012-09-01,2012.0,Sep,21225.875286500002,534896.5529952999,0.03968220615302135
2012-10-01,2012.0,Oct,16916.87545516,531365.5848989,0.03183660352858321
2012-11-01,2012.0,Nov,21434.818549260002,541522.6705330301,0.03958249527791947
2012-12-01,2012.0,Dic,19916.990932,561608.6527601299,0.03546418103445211
2013-01-01,2013.0,Ene,18349.27147557,552262.3136286499,0.03322564481180287
2013-02-01,2013.0,Feb,19537.588041,558315.7733674899,0.03499379557765088
2013-03-01,2013.0,Mar,23609.770381000002,566312.15964569,0.04169038220152525
2013-04-01,2013.0,Abr,51565.515997,599633.306997,0.08599508298703959
2013-05-01,2013.0,May,54814.48929900999,613378.45745916,0.08936487519641925
2013-06-01,2013.0,Jun,37735.08195462,614854.8702561299,0.06137233968546221
2013-07-01,2013.0,Jul,34536.41996392,617401.73598913,0.05593832662065604
2013-08-01,2013.0,Ago,35361.47461998,622047.9695643,0.056846861255327584
2013-09-01,2013.0,Sep,30835.550643650007,607841.26447956,0.05072961058353241
2013-10-01,2013.0,Oct,43071.45928068,609238.25060404,0.07069723419036156
2013-11-01,2013.0,Nov,39547.696312700005,612750.9441992999,0.06454122459881016
2013-12-01,2013.0,Dic,25850.46657006,644835.2309751699,0.040088483582025936
2014-01-01,2014.0,Ene,36054.899362280004,643046.53538596,0.056068880521437936
2014-02-01,2014.0,Feb,22467.46528798,641973.07879677,0.03499751941325962
2014-03-01,2014.0,Mar,22110.78294619,653187.5883913399,0.03385058647645784
2014-04-01,2014.0,Abr,28822.873857,659678.6198758,0.04369229650405614
2014-05-01,2014.0,May,30710.004679,652316.11789051,0.047078408515048555
2014-06-01,2014.0,Jun,27184.15362089,663005.0138857,0.04100142993123196
2014-07-01,2014.0,Jul,36639.03612648,674998.79417827,0.05428015048691106
2014-08-01,2014.0,Ago,42212.695719589996,681106.1704193901,0.061976674933949864
2014-09-01,2014.0,Sep,40438.77141479,660095.04242804,0.06126204382030095
2014-10-01,2014.0,Oct,31885.209977000002,654142.7257470001,0.04874350615240519
2014-11-01,2014.0,Nov,28783.036529999998,652316.7039760001,0.04412432849651352
2014-12-01,2014.0,Dic,17801.26768476,679788.15729294,0.02618649279747445
2015-01-01,2015.0,Ene,23260.014843009998,677548.8564969499,0.034329649618580246
2015-02-01,2015.0,Feb,26523.90632647,677859.3596763299,0.03912892246429239
2015-03-01,2015.0,Mar,24840.061838400004,691062.0896964499,0.03594476127219052
2015-04-01,2015.0,Abr,24882.19518374,697115.9139388199,0.03569305288578408
2015-05-01,2015.0,May,49127.34139313,732126.9820531,0.06710221395660415
2015-06-01,2015.0,Jun,34252.12512155,718809.39155981,0.04765119310311624
2015-07-01,2015.0,Jul,23356.110827770004,718190.5140736101,0.0325207732072275
2015-08-01,2015.0,Ago,24089.37017116,735404.15322873,0.03275664145408705
2015-09-01,2015.0,Sep,20872.88111602,743629.3252660701,0.0280689322042964
2015-10-01,2015.0,Oct,22083.81955773,735523.0093918099,0.03002464814253832
2015-11-01,2015.0,Nov,21428.70747387,738196.94328932,0.02902844243486862
2015-12-01,2015.0,Dic,17276.38338798,765580.8506863001,0.022566373456823923
2016-01-01,2016.0,Ene,28012.77032075,761088.1729709399,0.036806208946068585
2016-02-01,2016.0,Feb,23708.4425313,756440.69001079,0.0313421036763131
2016-03-01,2016.0,Mar,20900.194850990003,773786.33303369,0.027010292064799272
2016-04-01,2016.0,Abr,22134.13118874,785100.45889363,0.028192737550977363
2016-05-01,2016.0,May,15267.41543086,791449.5829831001,0.01929044598559856
2016-06-01,2016.0,Jun,16583.53227532,802073.5788879001,0.0206758241535815
2016-07-01,2016.0,Jul,21799.84269867,809198.3025448801,0.02694004996069666
2016-08-01,2016.0,Ago,16364.96051442,811465.2311891201,0.02016717400256177
2016-09-01,2016.0,Sep,17659.80446788,802881.8830488,0.02199551993977004
2016-10-01,2016.0,Oct,18511.64869078,803961.57448424,0.023025539128105284
2016-11-01,2016.0,Nov,21101.708275290002,812593.86387832,0.025968333276080252
2016-12-01,2016.0,Dic,19598.250639,838551.061286,0.023371565005169955
2017-01-01,2017.0,Ene,21173.802064809995,820905.1972375299,0.025793236705118985
2017-02-01,2017.0,Feb,24025.949944139997,827398.31438211,0.029037948865151188
2017-03-01,2017.0,Mar,23655.155853689997,843804.70018701,0.028033922835991994
2017-04-01,2017.0,Abr,38029.17229754,866810.2504441999,0.04387254566734971
2017-05-01,2017.0,May,39599.843989839996,865320.8477954601,0.04576319187354237
2017-06-01,2017.0,Jun,38212.55512855,859513.35811978,0.04445836096386157
2017-07-01,2017.0,Jul,35021.51171806,858613.33779813,0.04078845526424138
2017-08-01,2017.0,Ago,32952.24946595,874603.6776171799,0.03767677899060176
2017-09-01,2017.0,Sep,35818.22518827,886938.0146854799,0.0403841357515515
2017-10-01,2017.0,Oct,36012.627071070005,897708.924576,0.04011615133277109
2017-11-01,2017.0,Nov,31231.98954576,899685.18390831,0.03471435353651768
2017-12-01,2017.0,Dic,24446.90790322,927255.07394046,0.026364814375542323
2018-01-01,2018.0,Ene,36046.48424122,934238.0262128101,0.03858383327356552
2018-02-01,2018.0,Feb,31815.402180009998,940249.58460944,0.03383718823255365
2018-03-01,2018.0,Mar,28266.61629817,949495.4959861999,0.029770142583784125
2018-04-01,2018.0,Abr,34273.10063812,957001.5019673898,0.03581300611092235
2018-05-01,2018.0,May,29441.4826963,959566.47109708,0.030682066936581598
2018-06-01,2018.0,Jun,28531.320006320002,969286.9962851001,0.029435368591211323
2018-07-01,2018.0,Jul,31020.36457084,967388.7243665,0.032066080355809254
2018-08-01,2018.0,Ago,32098.121861480002,969662.11953487,0.03310237784361104
2018-09-01,2018.0,Sep,32031.55314924,971413.96130268,0.032974153579474225
2018-10-01,2018.0,Oct,32181.094328859996,970743.92430766,0.03315096136379296
2018-11-01,2018.0,Nov,44426.89864823,985075.31829845,0.04510000182013484
2018-12-01,2018.0,Dic,35998.83435174,1018909.93171353,0.035330732610682994
2019-01-01,2019.0,Ene,31368.21797128,1013903.53194351,0.03093806953325387
2019-02-01,2019.0,Feb,29610.63481867,1013485.29983923,0.02921663967239304
2019-03-01,2019.0,Mar,31914.39486598,1040069.37505483,0.030684871251302395
2019-04-01,2019.0,Abr,42004.76000067,1055093.84475951,0.03981139707079255
2019-05-01,2019.0,May,27957.7578839,1052130.8327592697,0.026572510769007004
2019-06-01,2019.0,Jun,38181.781322920004,1075190.1834733803,0.03551165357516056
2019-07-01,2019.0,Jul,33288.22555743,1073201.50129653,0.031017684486291382
2019-08-01,2019.0,Ago,29968.919898819997,1072892.38660849,0.027932829305979574
2019-09-01,2019.0,Sep,33645.07396306,1098235.3741607298,0.030635576630165938
2019-10-01,2019.0,Oct,36631.795659,1102518.462797,0.03322556210629626
2019-11-01,2019.0,Nov,53262.186463,1127658.240242,0.04723256086132064
2019-12-01,2019.0,Dic,59023.46553808,1177715.7581143202,0.05011690225881365
2020-01-01,2020.0,Ene,59884.37074338,1192693.31980152,0.05020936207921878
2020-02-01,2020.0,Feb,49463.921865870005,1186928.9842377,0.041673868043283144
2020-03-01,2020.0,Mar,57032.73356365,1208101.0638844902,0.04720857821304183
2020-04-01,2020.0,Abr,59987.16750958,1232530.75189229,0.04866991547065451
2020-05-01,2020.0,May,55951.84163708,1291636.24583293,0.04331857503812821
2020-06-01,2020.0,Jun,53378.35353803,1339650.6403690302,0.039844980422153946
2020-07-01,2020.0,Jul,34772.75098195,1363320.2220371598,0.025505930609604207
2020-08-01,2020.0,Ago,32404.243647999996,1389559.8128980002,0.02331979044530601
2020-09-01,2020.0,Sep,37838.74822403,1390127.973906,0.027219614980993574
2020-10-01,2020.0,Oct,50358.62037402,1419315.38034426,0.03548092345888997
2020-11-01,2020.0,Nov,74216.10497158,1459232.18434771,0.05085969578224131
2020-12-01,2020.0,Dic,61790.83773653,1496029.4606271798,0.04130322253856247
2021-01-01,2021.0,Ene,65290.646938,1511349.313463,0.043200235945717654
2021-02-01,2021.0,Feb,57637.949636,1490105.634472,0.03868044540105593
2021-03-01,2021.0,Mar,53011.975848,1508050.2911460001,0.03515265781203825
2021-04-01,2021.0,Abr,84531.48175400001,1547640.221912,0.05461959475928284
2021-05-01,2021.0,May,102532.99676499999,1585145.9548339997,0.06468363146770134
2021-06-01,2021.0,Jun,114697.78053866001,1628789.40761896,0.0704190363727442
2021-07-01,2021.0,Jul,104738.64691718,1633351.37006978,0.06412499406830348
2021-08-01,2021.0,Ago,98566.75248165,1650844.1972731198,0.05970687763537195
2021-09-01,2021.0,Sep,94493.53885541999,1664792.77869803,0.056759940374873405
2021-10-01,2021.0,Oct,108821.14449631001,1666710.2558988098,0.0652909791075989
2021-11-01,2021.0,Nov,117372.90651599999,1714032.45495272,0.06847764531928749
2021-12-01,2021.0,Dic,102500.893788,1775372.70531228,0.057734859548812634
2022-01-01,2022.0,Ene,112742.101983,2028476.6191466444,0.05557969015705453
2022-02-01,2022.0,Feb,107515.90001,2004596.9283895043,0.05363467263036186
2022-03-01,2022.0,Mar,89629.158109,2015776.6553302142,0.04446383376451862
2022-04-01,2022.0,Abr,82999.387414,2015901.539297244,0.041172341900653595
2022-05-01,2022.0,May,85321.633913,2003115.9218819034,0.04259445645703886
2022-06-01,2022.0,Jun,82054.570291,1994273.5407619334,0.04114509299443956
2022-07-01,2022.0,Jul,74278.24481500001,2006783.8618902334,0.037013574917348455
2022-08-01,2022.0,Ago,72987.270054,2001695.2968684733,0.036462727453166324
2022-09-01,2022.0,Sep,289041.143675,2357879.6136377933,0.12258519985634905
2022-10-01,2022.0,Oct,294154.652501,2373329.352773765,0.12394177494042898
2022-11-01,2022.0,Nov,281145.448085,2396064.679276855,0.11733633508167698
2022-12-01,2022.0,Dic,203701.83407299998,2400349.512928285,0.08486340550651547
2023-01-01,2023.0,Ene,176648.47539700003,2415091.2255454273,0.07314360365708567
2023-02-01,2023.0,Feb,212023.299404,2408207.852338395,0.08804194338878313
2023-03-01,2023.0,Mar,205836.389958,2436348.0687850257,0.08448562526644555
2023-04-01,2023.0,Abr,206032.44992541548,2453539.369575591,0.08397356589434089
2023-05-01,2023.0,May,230172.020308,2498015.2108197054,0.09214196107015327
2023-06-01,2023.0,Jun,277347.22282799997,2624310.622970515,0.10568383955785865
2023-07-01,2023.0,Jul,286367.332224,2675637.123888856,0.10702771675098627
2023-08-01,2023.0,Ago,267394.55935399997,2699267.3801567657,0.09906190150694537
2023-09-01,2023.0,Sep,255597.50703100002,2666944.753382055,0.09583907079697358
2023-10-01,2023.0,Oct,248584.30521000002,2691332.538030614,0.09236476789743042
2023-11-01,2023.0,Nov,228606.183756,2694634.3398753945,0.0848375530486898
2023-12-01,2023.0,Dic,158490.841867,2697599.3833541647,0.05875254970956224
2024-01-01,2024.0,Ene,152972.386444,2690920.063668914,0.05684761450528968
2024-02-01,2024.0,Feb,173867.20551999996,2727145.278100214,0.06375428801545896
2024-03-01,2024.0,Mar,184984.717036,2774007.7494706446,0.06668500369953907
2024-04-01,2024.0,Abr,194013.68708299997,2776622.8196490947,0.06987397989746376
2024-05-01,2024.0,May,213117.69107600002,2856920.3383801933,0.0745970016079737
2024-06-01,2024.0,Jun,194575.375811,2854658.785933893,0.06816064209486432
2024-07-01,2024.0,Jul,206323.221939,2897583.8209409434,0.07120526434745204
2024-08-01,2024.0,Ago,195273.67017,2929864.600029763,0.06664938378654642
2024-09-01,2024.0,Sep,192774.884196,2928752.3731019124,0.06582150336999214
2024-10-01,2024.0,Oct,201232.203721,2947035.7249567313,0.06828291968668093
2024-11-01,2024.0,Nov,228213.771178,3004574.0778735513,0.0759554483474461
2024-12-01,2024.0,Dic,148033.43503,3005368.945682372,0.04925632682891413
2025-01-01,2025.0,Ene,146934.70543,3045777.74707142,0.04824209697220385
2025-02-01,2025.0,Feb,132792.816312,3061107.7975664586,0.04338064030857345
2025-03-01,2025.0,Mar,161272.54809,3099506.489701218,0.05203168589124204
2025-04-01,2025.0,Abr,187206.23094300003,3062555.755449039,0.061127452327982654
2025-05-01,2025.0,May,211984.851115,3106228.9425020386,0.06824508271571514
2025-06-01,2025.0,Jun,192420.898247,3146421.7010900383,0.061155470094913914
