period,date,banco_central_asset_1a2,banco_central_liability,net_cb_position,caja,bancos_pais,bancos_exterior,equivalentes_efectivo,total_liquid_assets,total_deposits,depositos_vista,depositos_ahorro,depositos_plazo,government_deposits,government_share_pct,total_activos,total_pasivos,patrimonio,cb_to_deposits_ratio,liquid_to_deposits_ratio,has_cb_asset_data,has_total_deposits,data_completeness
2012-01,2012-01-01,0,0,0,0,0,0,0,0,0,0,0,0,18404042287.0,0.0372456134235651,0,0,0,0.0,0.0,False,False,partial
2012-02,2012-02-01,0,0,0,0,0,0,0,0,0,0,0,0,20493548656.0,0.0407433052217259,0,0,0,0.0,0.0,False,False,partial
2012-03,2012-03-01,0,0,0,0,0,0,0,0,0,0,0,0,21025015190.0,0.0415935137055705,0,0,0,0.0,0.0,False,False,partial
2012-04,2012-04-01,0,0,0,0,0,0,0,0,0,0,0,0,25181830727.0,0.048576772248204,0,0,16936073199,0.0,0.0,False,False,partial
2012-05,2012-05-01,0,0,0,0,0,0,0,0,0,0,0,0,21152188586.0,0.0410122649597527,208184549018,0,0,0.0,0.0,False,False,partial
2012-06,2012-06-01,0,0,0,0,0,0,0,0,0,0,0,0,18994332474.0,0.0365057595553964,207505378276,190332816826,0,0.0,0.0,False,False,partial
2012-07,2012-07-01,0,0,0,0,0,0,0,0,0,0,0,0,18953253248.4,0.0361148060788927,217582902283,200213410330,17369491953,0.0,0.0,False,False,partial
2012-08,2012-08-01,0,0,0,0,0,0,0,0,0,0,0,0,16249400412.0,0.0299890102885973,0,0,0,0.0,0.0,False,False,partial
2012-09,2012-09-01,0,0,0,0,0,0,0,0,0,0,0,0,21225875286.5,0.0396822061530213,0,0,0,0.0,0.0,False,False,partial
2012-10,2012-10-01,0,0,0,0,0,0,0,0,0,0,0,0,16916875455.16,0.0318366035285832,231165889360,0,0,0.0,0.0,False,False,partial
2012-11,2012-11-01,0,0,0,0,0,0,0,0,0,0,0,0,21434818549.26,0.0395824952779194,0,0,0,0.0,0.0,False,False,partial
2012-12,2012-12-01,0,0,0,0,0,0,0,0,0,0,0,0,19916990932.0,0.0354641810344521,0,0,0,0.0,0.0,False,False,partial
2013-01,2013-01-01,0,0,0,0,0,0,0,0,0,0,0,0,18349271475.57,0.0332256448118028,0,0,0,0.0,0.0,False,False,partial
2013-02,2013-02-01,0,0,0,0,0,0,0,0,0,0,0,0,19537588041.0,0.0349937955776508,244478424638,225667278032,18811146606,0.0,0.0,False,False,partial
2013-03,2013-03-01,0,0,0,0,0,0,0,0,0,0,0,0,23609770381.0,0.0416903822015252,0,0,0,0.0,0.0,False,False,partial
2013-04,2013-04-01,0,0,0,0,0,0,0,0,0,0,0,0,51565515997.0,0.0859950829870395,0,271879776081,18791480293,0.0,0.0,False,False,partial
2013-05,2013-05-01,0,0,0,0,0,0,0,0,0,0,0,0,54814489299.00999,0.0893648751964192,0,0,0,0.0,0.0,False,False,partial
2013-06,2013-06-01,0,0,0,0,0,0,0,0,0,0,0,0,37735081954.62,0.0613723396854622,298659121881,282304805321,16354316560,0.0,0.0,False,False,partial
2013-07,2013-07-01,0,0,0,0,0,0,0,0,0,0,0,0,34536419963.92,0.055938326620656,0,0,16858212112,0.0,0.0,False,False,partial
2013-08,2013-08-01,0,0,0,0,0,0,0,0,0,0,0,0,35361474619.979996,0.0568468612553275,0,0,0,0.0,0.0,False,False,partial
2013-09,2013-09-01,0,0,0,0,0,0,0,0,0,0,0,0,30835550643.65001,0.0507296105835324,0,0,0,0.0,0.0,False,False,partial
2013-10,2013-10-01,0,0,0,0,0,0,0,0,0,0,0,0,43071459280.68,0.0706972341903615,0,0,0,0.0,0.0,False,False,partial
2013-11,2013-11-01,0,0,0,0,0,0,0,0,0,0,0,0,39547696312.700005,0.0645412245988101,306467690088,287229402792,19238287296,0.0,0.0,False,False,partial
2013-12,2013-12-01,0,0,0,0,0,0,0,0,0,0,0,0,25850466570.06,0.0400884835820259,0,0,0,0.0,0.0,False,False,partial
2014-01,2014-01-01,0,0,0,0,0,0,0,0,0,0,0,0,36054899362.28,0.0560688805214379,0,0,0,0.0,0.0,False,False,partial
2014-02,2014-02-01,0,0,0,0,0,0,0,0,0,0,0,0,22467465287.98,0.0349975194132596,0,0,20637667036,0.0,0.0,False,False,partial
2014-03,2014-03-01,0,0,0,0,0,0,0,0,0,0,0,0,22110782946.19,0.0338505864764578,0,0,0,0.0,0.0,False,False,partial
2014-04,2014-04-01,0,0,0,0,0,0,0,0,0,0,0,0,28822873857.0,0.0436922965040561,0,0,0,0.0,0.0,False,False,partial
2014-05,2014-05-01,0,0,0,0,0,0,0,0,0,0,0,0,30710004679.0,0.0470784085150485,0,291440351893,21917369192,0.0,0.0,False,False,partial
2014-06,2014-06-01,0,0,0,0,0,0,0,0,0,0,0,0,27184153620.89,0.0410014299312319,0,300343730842,0,0.0,0.0,False,False,partial
2014-07,2014-07-01,0,0,0,0,0,0,0,0,0,0,0,0,36639036126.48,0.054280150486911,325362871275,0,0,0.0,0.0,False,False,partial
2014-08,2014-08-01,0,0,0,0,0,0,0,0,0,0,0,0,42212695719.590004,0.0619766749339498,327001347954,304867180099,0,0.0,0.0,False,False,partial
2014-09,2014-09-01,0,0,0,0,0,0,0,0,0,0,0,0,40438771414.78999,0.0612620438203009,0,0,0,0.0,0.0,False,False,partial
2014-10,2014-10-01,0,0,0,0,0,0,0,0,0,0,0,0,31885209977.0,0.0487435061524051,0,0,22761651256,0.0,0.0,False,False,partial
2014-11,2014-11-01,0,0,0,0,0,0,0,0,0,0,0,0,28783036530.0,0.0441243284965135,0,0,0,0.0,0.0,False,False,partial
2014-12,2014-12-01,0,0,0,0,0,0,0,0,0,0,0,0,17801267684.760002,0.0261864927974744,0,0,0,0.0,0.0,False,False,partial
2015-01,2015-01-01,0,0,0,0,0,0,0,0,0,0,0,0,23260014843.010002,0.0343296496185802,0,318256702813,24151940051,0.0,0.0,False,False,partial
2015-02,2015-02-01,0,0,0,0,0,0,0,0,0,0,0,0,26523906326.47,0.0391289224642923,346040793920,0,24657376608,0.0,0.0,False,False,partial
2015-03,2015-03-01,0,0,0,0,0,0,0,0,0,0,0,0,24840061838.400005,0.0359447612721905,0,0,0,0.0,0.0,False,False,partial
2015-04,2015-04-01,0,0,0,0,0,0,0,0,0,0,0,0,24882195183.74,0.035693052885784,350986380182,328280153009,0,0.0,0.0,False,False,partial
2015-05,2015-05-01,0,0,0,0,0,0,0,0,0,0,0,0,49127341393.130005,0.0671022139566041,381484653129,358257228625,0,0.0,0.0,False,False,partial
2015-06,2015-06-01,0,0,0,0,0,0,0,0,0,0,0,0,34252125121.550003,0.0476511931031162,0,0,0,0.0,0.0,False,False,partial
2015-07,2015-07-01,0,0,0,0,0,0,0,0,0,0,0,0,23356110827.770004,0.0325207732072275,0,328555771190,23682084532,0.0,0.0,False,False,partial
2015-08,2015-08-01,0,0,0,0,0,0,0,0,0,0,0,0,24089370171.16,0.032756641454087,370838246548,347003592616,23834653932,0.0,0.0,False,False,partial
2015-09,2015-09-01,0,0,0,0,0,0,0,0,0,0,0,0,20872881116.019997,0.0280689322042964,380064273029,355711132131,24353140898,0.0,0.0,False,False,partial
2015-10,2015-10-01,0,0,0,0,0,0,0,0,0,0,0,0,22083819557.73,0.0300246481425383,382879696527,0,24858298843,0.0,0.0,False,False,partial
2015-11,2015-11-01,0,0,0,0,0,0,0,0,0,0,0,0,21428707473.87,0.0290284424348686,381337505198,355978098711,25359406487,0.0,0.0,False,False,partial
2015-12,2015-12-01,0,0,0,0,0,0,0,0,0,0,0,0,17276383387.98,0.0225663734568239,394284372616,368555527006,0,0.0,0.0,False,False,partial
2016-01,2016-01-01,0,0,0,0,0,0,0,0,0,0,0,0,28012770320.75,0.0368062089460685,399581788561,373324228684,26257559877,0.0,0.0,False,False,partial
2016-02,2016-02-01,0,0,0,0,0,0,0,0,0,0,0,0,23708442531.3,0.0313421036763131,0,0,0,0.0,0.0,False,False,partial
2016-03,2016-03-01,0,0,0,0,0,0,0,0,0,0,0,0,20900194850.99,0.0270102920647992,0,0,0,0.0,0.0,False,False,partial
2016-04,2016-04-01,0,0,0,0,0,0,0,0,0,0,0,0,22134131188.74,0.0281927375509773,0,0,0,0.0,0.0,False,False,partial
2016-05,2016-05-01,0,0,0,0,0,0,0,0,0,0,0,0,15267415430.859999,0.0192904459855985,396876620007,0,0,0.0,0.0,False,False,partial
2016-06,2016-06-01,0,0,0,0,0,0,0,0,0,0,0,0,16583532275.320002,0.0206758241535815,0,0,0,0.0,0.0,False,False,partial
2016-07,2016-07-01,0,0,0,0,0,0,0,0,0,0,0,0,21799842698.67,0.0269400499606966,403064717678,0,27114286781,0.0,0.0,False,False,partial
2016-08,2016-08-01,0,0,0,0,0,0,0,0,0,0,0,0,16364960514.42,0.0201671740025617,412075945802,0,0,0.0,0.0,False,False,partial
2016-09,2016-09-01,0,0,0,0,0,0,0,0,0,0,0,0,17659804467.88,0.02199551993977,407832666711,0,0,0.0,0.0,False,False,partial
2016-10,2016-10-01,0,0,0,0,0,0,0,0,0,0,0,0,18511648690.78,0.0230255391281052,0,0,0,0.0,0.0,False,False,partial
2016-11,2016-11-01,0,0,0,0,0,0,0,0,0,0,0,0,21101708275.289997,0.0259683332760802,430597869456,401441957810,29155911646,0.0,0.0,False,False,partial
2016-12,2016-12-01,0,0,0,0,0,0,0,0,0,0,0,0,19598250639.0,0.0233715650051699,0,0,0,0.0,0.0,False,False,partial
2017-01,2017-01-01,0,0,0,0,0,0,0,0,0,0,0,0,21173802064.809994,0.0257932367051189,0,403497612675,30061467300,0.0,0.0,False,False,partial
2017-02,2017-02-01,0,0,0,0,0,0,0,0,0,0,0,0,24025949944.139996,0.0290379488651511,0,0,0,0.0,0.0,False,False,partial
2017-03,2017-03-01,0,0,0,0,0,0,0,0,0,0,0,0,23655155853.69,0.0280339228359919,427697077985,0,30363986219,0.0,0.0,False,False,partial
2017-04,2017-04-01,0,0,0,0,0,0,0,0,0,0,0,0,38029172297.53999,0.0438725456673497,0,0,0,0.0,0.0,False,False,partial
2017-05,2017-05-01,0,0,0,0,0,0,0,0,0,0,0,0,39599843989.840004,0.0457631918735423,449684731801,0,0,0.0,0.0,False,False,partial
2017-06,2017-06-01,0,0,0,0,0,0,0,0,0,0,0,0,38212555128.549995,0.0444583609638615,450547069449,0,0,0.0,0.0,False,False,partial
2017-07,2017-07-01,0,0,0,0,0,0,0,0,0,0,0,0,35021511718.06,0.0407884552642413,0,406410114218,0,0.0,0.0,False,False,partial
2017-08,2017-08-01,0,0,0,0,0,0,0,0,0,0,0,0,32952249465.95,0.0376767789906017,0,0,0,0.0,0.0,False,False,partial
2017-09,2017-09-01,0,0,0,0,0,0,0,0,0,0,0,0,35818225188.27,0.0403841357515515,0,0,30562861570,0.0,0.0,False,False,partial
2017-10,2017-10-01,0,0,0,0,0,0,0,0,0,0,0,0,36012627071.07001,0.040116151332771,455458884915,424335789948,31123094967,0.0,0.0,False,False,partial
2017-11,2017-11-01,0,0,0,0,0,0,0,0,0,0,0,0,31231989545.76,0.0347143535365176,0,0,0,0.0,0.0,False,False,partial
2017-12,2017-12-01,0,0,0,0,0,0,0,0,0,0,0,0,24446907903.219997,0.0263648143755423,0,0,0,0.0,0.0,False,False,partial
2018-01,2018-01-01,0,0,0,0,0,0,0,0,0,0,0,0,36046484241.22,0.0385838332735655,458912192106,426275411904,0,0.0,0.0,False,False,partial
2018-02,2018-02-01,0,0,0,0,0,0,0,0,0,0,0,0,31815402180.010002,0.0338371882325536,449955617251,0,0,0.0,0.0,False,False,partial
2018-03,2018-03-01,0,0,0,0,0,0,0,0,0,0,0,0,28266616298.17,0.0297701425837841,436364189880,403730096259,0,0.0,0.0,False,False,partial
2018-04,2018-04-01,0,0,0,0,0,0,0,0,0,0,0,0,34273100638.12,0.0358130061109223,0,0,0,0.0,0.0,False,False,partial
2018-05,2018-05-01,0,0,0,0,0,0,0,0,0,0,0,0,29441482696.300003,0.0306820669365815,0,407528322813,33747189947,0.0,0.0,False,False,partial
2018-06,2018-06-01,0,0,0,0,0,0,0,0,0,0,0,0,28531320006.32,0.0294353685912113,0,423937230755,31432760387,0.0,0.0,False,False,partial
2018-07,2018-07-01,0,31828130,-31828130,0,0,0,0,0,0,0,0,0,31020364570.84,0.0320660803558092,0,0,0,0.0,0.0,False,False,partial
2018-08,2018-08-01,0,0,0,0,0,0,0,0,0,0,0,0,32098121861.48,0.033102377843611,0,0,0,0.0,0.0,False,False,partial
2018-09,2018-09-01,0,0,0,0,0,0,0,0,0,0,0,0,32031553149.24,0.0329741535794742,0,0,0,0.0,0.0,False,False,partial
2018-10,2018-10-01,0,21100916,-21100916,0,0,0,0,0,0,0,0,0,32181094328.859997,0.0331509613637929,0,0,0,0.0,0.0,False,False,partial
2018-11,2018-11-01,0,0,0,0,0,0,0,0,0,0,0,0,44426898648.23,0.0451000018201348,0,0,0,0.0,0.0,False,False,partial
2018-12,2018-12-01,0,20196305,-20196305,0,0,0,0,0,0,0,0,0,35998834351.74,0.0353307326106829,491486413558,0,35186884187,0.0,0.0,False,False,partial
2019-01,2019-01-01,0,0,0,0,0,0,0,0,0,0,0,0,31368217971.28,0.0309380695332538,0,437952523349,35736593126,0.0,0.0,False,False,partial
2019-02,2019-02-01,0,0,0,0,0,0,0,0,0,0,0,0,29610634818.670002,0.029216639672393,0,454135740256,0,0.0,0.0,False,False,partial
2019-03,2019-03-01,0,38625970,-38625970,0,0,0,0,0,0,0,0,0,31914394865.98,0.0306848712513023,0,0,0,0.0,0.0,False,False,partial
2019-04,2019-04-01,0,0,0,0,0,0,0,0,0,0,0,0,42004760000.67,0.0398113970707925,0,495069671943,37558457156,0.0,0.0,False,False,partial
2019-05,2019-05-01,0,0,0,0,0,0,0,0,0,0,0,0,27957757883.9,0.026572510769007,0,0,0,0.0,0.0,False,False,partial
2019-06,2019-06-01,0,79791289,-79791289,0,0,0,0,0,0,0,0,0,38181781322.92,0.0355116535751605,513877871147,0,0,0.0,0.0,False,False,partial
2019-07,2019-07-01,0,76968882,-76968882,0,0,0,0,0,0,0,0,0,33288225557.43,0.0310176844862913,0,0,0,0.0,0.0,False,False,partial
2019-08,2019-08-01,0,71320340,-71320340,0,0,0,0,0,0,0,0,0,29968919898.819996,0.0279328293059795,0,0,0,0.0,0.0,False,False,partial
2019-09,2019-09-01,0,68448205,-68448205,0,0,0,0,0,0,0,0,0,33645073963.06,0.0306355766301659,0,0,38489009961,0.0,0.0,False,False,partial
2019-10,2019-10-01,0,0,0,0,0,0,0,0,0,0,0,0,36631795659.0,0.0332255621062962,0,0,39501950775,0.0,0.0,False,False,partial
2019-11,2019-11-01,0,0,0,0,0,0,0,0,0,0,0,0,53262186463.0,0.0472325608613206,549397389427,0,40253793578,0.0,0.0,False,False,partial
2019-12,2019-12-01,0,0,0,0,0,0,0,0,0,0,0,0,59023465538.08,0.0501169022588136,560202582795,0,0,0.0,0.0,False,False,partial
2020-01,2020-01-01,0,0,0,0,0,0,0,0,0,0,0,0,59884370743.38,0.0502093620792187,0,0,0,0.0,0.0,False,False,partial
2020-02,2020-02-01,0,0,0,0,0,0,0,0,0,0,0,0,49463921865.87,0.0416738680432831,570227775313,528502218078,41725557235,0.0,0.0,False,False,partial
2020-03,2020-03-01,0,0,0,0,0,0,0,0,0,0,0,0,57032733563.65,0.0472085782130418,0,526112793559,42150614372,0.0,0.0,False,False,partial
2020-04,2020-04-01,0,0,0,0,0,0,0,0,0,0,0,0,59987167509.58,0.0486699154706545,0,0,0,0.0,0.0,False,False,partial
2020-05,2020-05-01,0,0,0,0,0,0,0,0,0,0,0,0,55951841637.079994,0.0433185750381282,589055004212,0,0,0.0,0.0,False,False,partial
2020-06,2020-06-01,0,0,0,0,0,0,0,0,0,0,0,0,53378353538.03,0.0398449804221539,0,0,44510732093,0.0,0.0,False,False,partial
2020-07,2020-07-01,0,0,0,0,0,0,0,0,0,0,0,0,34772750981.95,0.0255059306096042,0,545935128227,0,0.0,0.0,False,False,partial
2020-08,2020-08-01,0,41914447,-41914447,0,0,0,0,0,0,0,0,0,32404243647.999996,0.023319790445306,0,0,0,0.0,0.0,False,False,partial
2020-09,2020-09-01,0,0,0,0,0,0,0,0,0,0,0,0,37838748224.03,0.0272196149809935,637451606725,595659676975,41791929750,0.0,0.0,False,False,partial
2020-10,2020-10-01,0,16366172309,-16366172309,0,0,0,0,0,0,0,0,0,50358620374.02,0.0354809234588899,652166298415,0,0,0.0,0.0,False,False,partial
2020-11,2020-11-01,0,16997992136,-16997992136,0,0,0,0,0,0,0,0,0,74216104971.58,0.0508596957822413,696045196682,650845639748,45199556934,0.0,0.0,False,False,partial
2020-12,2020-12-01,0,0,0,0,0,0,0,0,0,0,0,0,61790837736.53,0.0413032225385624,705409397473,658264472246,47144925227,0.0,0.0,False,False,partial
2021-01,2021-01-01,0,20631657310,-20631657310,0,0,0,0,0,0,0,0,0,65290646938.0,0.0432002359457176,0,0,47040100117,0.0,0.0,False,False,partial
2021-02,2021-02-01,0,0,0,0,0,0,0,0,0,0,0,0,57637949636.0,0.0386804454010559,0,0,0,0.0,0.0,False,False,partial
2021-03,2021-03-01,0,0,0,0,0,0,0,0,0,0,0,0,53011975848.0,0.0351526578120382,0,660485757116,0,0.0,0.0,False,False,partial
2021-04,2021-04-01,0,30678263792,-30678263792,0,0,0,0,0,0,0,0,0,84531481754.00002,0.0546195947592828,0,0,0,0.0,0.0,False,False,partial
2021-05,2021-05-01,0,30153737679,-30153737679,0,0,0,0,0,0,0,0,0,102532996765.0,0.0646836314677013,0,0,0,0.0,0.0,False,False,partial
2021-06,2021-06-01,0,0,0,0,0,0,0,0,0,0,0,0,114697780538.65999,0.0704190363727442,0,0,0,0.0,0.0,False,False,partial
2021-07,2021-07-01,0,0,0,0,0,0,0,0,0,0,0,0,104738646917.18,0.0641249940683034,0,0,0,0.0,0.0,False,False,partial
2021-08,2021-08-01,0,27200907625,-27200907625,0,0,0,0,0,0,0,0,0,98566752481.65,0.0597068776353719,0,768511722867,57471489639,0.0,0.0,False,False,partial
2021-09,2021-09-01,0,26080574742,-26080574742,0,0,0,0,0,0,0,0,0,94493538855.42,0.0567599403748734,829010979985,769870518836,59140461149,0.0,0.0,False,False,partial
2021-10,2021-10-01,0,0,0,0,0,0,0,0,0,0,0,0,108821144496.31,0.0652909791075989,0,791697180577,59749281427,0.0,0.0,False,False,partial
2021-11,2021-11-01,0,23277644158,-23277644158,0,0,0,0,0,0,0,0,0,117372906516.0,0.0684776453192874,871067963797,0,0,0.0,0.0,False,False,partial
2021-12,2021-12-01,0,0,0,0,0,0,0,0,0,0,0,0,102500893788.0,0.0577348595488126,0,0,0,0.0,0.0,False,False,partial
2022-01,2022-01-01,146472554413,0,146472554413,11028398067,0,0,0,192510088539,0,0,0,0,112742101983.0,0.0555796901570545,0,0,0,0.0,0.0,True,False,partial
2022-02,2022-02-01,0,0,0,0,0,0,319501760,319501760,524465768297,0,0,0,107515900010.0,0.0536346726303618,887734917605,0,58563804266,0.0,0.060919468783912925,False,True,partial
2022-03,2022-03-01,0,30036869813,-30036869813,9813026802,0,0,0,9813026802,513971734704,0,0,0,89629158109.0,0.0444638337645186,0,0,0,0.0,1.9092541747750764,False,True,partial
2022-04,2022-04-01,0,31050046573,-31050046573,0,70079551,33892374202,264123242,192878202761,194621829872,0,0,0,82999387414.0,0.0411723419006535,0,0,0,0.0,99.1040947913465,False,True,partial
2022-05,2022-05-01,0,29048518980,-29048518980,0,1123085,38886540319,0,38887663404,198358159011,0,0,0,85321633913.0,0.0425944564570388,0,0,0,0.0,19.6047712873981,False,True,partial
2022-06,2022-06-01,0,28571114848,-28571114848,0,0,0,241046533,241046533,456292296165,0,0,0,82054570291.0,0.0411450929944395,0,0,0,0.0,0.05282721953141086,False,True,partial
2022-07,2022-07-01,0,30055010162,-30055010162,0,0,26943599123,0,26943599123,135232801896,0,0,0,74278244815.00002,0.0370135749173484,0,0,0,0.0,19.923863696709336,False,True,partial
2022-08,2022-08-01,0,28860413323,-28860413323,0,0,0,282443764,282443764,0,0,0,0,72987270054.0,0.0364627274531663,0,0,0,0.0,0.0,False,False,partial
2022-09,2022-09-01,172922852481,28860567588,144062284893,0,326596925,32095395587,0,205344844993,815018533560,0,0,0,289041143675.0,0.122585199856349,0,0,0,21.217045424190932,25.19511355110588,True,True,complete
2022-10,2022-10-01,0,28496837517,-28496837517,0,0,0,0,0,176667910342,0,0,0,294154652501.0,0.1239417749404289,0,993669012055,67626663690,0.0,0.0,False,True,partial
2022-11,2022-11-01,0,28386508346,-28386508346,0,0,0,0,208016499861,631463532185,0,0,0,281145448085.0,0.1173363350816769,0,0,0,0.0,32.94196564942049,False,True,partial
2022-12,2022-12-01,0,0,0,0,0,0,0,0,0,0,0,0,203701834073.0,0.0848634055065154,1023630871186,0,0,0.0,0.0,False,False,partial
2023-01,2023-01-01,154133481604,0,154133481604,13104405889,68956343,44372547330,479808473,212159199639,0,0,0,0,176648475397.00003,0.0731436036570856,1014669163794,941086937337,73582226457,0.0,0.0,True,False,partial
2023-02,2023-02-01,128402214410,0,128402214410,12748403702,0,0,0,195580434858,0,0,0,0,212023299404.0,0.0880419433887831,0,936305927662,0,0.0,0.0,True,False,partial
2023-03,2023-03-01,163581930745,0,163581930745,0,0,0,277661993,163859592738,0,0,0,0,205836389958.0,0.0844856252664455,0,0,78707238972,0.0,0.0,True,False,partial
2023-04,2023-04-01,0,0,0,0,0,0,0,0,794294625089,0,0,0,206032449925.41547,0.0839735658943408,0,0,0,0.0,0.0,False,True,partial
2023-05,2023-05-01,167255233296,0,167255233296,13020613112,76863624,43704547279,227553258,224304423202,0,0,0,0,230172020308.0,0.0921419610701532,1085194737887,1002505993280,0,0.0,0.0,True,False,partial
2023-06,2023-06-01,0,0,0,11441289873,3259829,0,0,267254176861,882249201140,0,0,0,277347222827.99994,0.1056838395578586,1145256375285,1069277010149,75979365136,0.0,30.29236824648489,False,True,partial
2023-07,2023-07-01,0,0,0,0,37381552,0,0,234397766598,0,0,0,0,286367332224.0,0.1070277167509862,0,0,0,0.0,0.0,False,False,partial
2023-08,2023-08-01,0,0,0,0,0,0,0,0,891057681220,0,0,0,267394559353.99997,0.0990619015069453,1174185654687,1093955325339,80230329348,0.0,0.0,False,True,partial
2023-09,2023-09-01,0,0,0,0,0,0,0,243736300786,875624303282,0,0,0,255597507031.0,0.0958390707969735,1153388631900,1070937970830,82450661070,0.0,27.835716742035572,False,True,partial
2023-10,2023-10-01,0,0,0,0,0,0,0,242623131748,873713585764,0,0,0,248584305210.0,0.0923647678974304,0,1083728865937,83968093638,0.0,27.769183826510314,False,True,partial
2023-11,2023-11-01,0,0,0,0,0,0,0,0,851691033995,0,0,0,228606183756.0,0.0848375530486898,1168009484340,1082041269929,85968214411,0.0,0.0,False,True,partial
2023-12,2023-12-01,0,0,0,0,0,0,0,251294853601,811703368086,0,0,0,158490841867.0,0.0587525497095622,1127606700775,1040288427586,87318273189,0.0,30.958951691127552,False,True,partial
2024-01,2024-01-01,154714995752,0,154714995752,13556530351,0,0,0,168271526103,818950381434,0,0,0,152972386444.0,0.0568476145052896,1136907765642,1047583402306,89324363336,18.89186442298136,20.547218722623086,True,True,complete
2024-02,2024-02-01,0,54127256509,-54127256509,0,0,0,434876222,195785931292,0,0,0,0,173867205519.99997,0.0637542880154589,1142962120040,1051708275742,0,0.0,0.0,False,False,partial
2024-03,2024-03-01,129803531195,0,129803531195,13420558510,36922605,0,0,143261012310,0,0,0,0,184984717036.0,0.066685003699539,1152740503919,1058625789669,94114714250,0.0,0.0,True,False,partial
2024-04,2024-04-01,116141741547,0,116141741547,0,337572987,42353728117,880567524,172005985892,353943698789,0,0,0,194013687082.99997,0.0698739798974637,0,0,0,32.81362034254966,48.596990561072154,True,True,complete
2024-05,2024-05-01,143151879707,0,143151879707,0,0,0,0,143151879707,877944868057,0,0,0,213117691076.0,0.0745970016079737,0,0,0,16.305338172750268,16.305338172750268,True,True,complete
2024-06,2024-06-01,121021219761,0,121021219761,12744642223,0,0,0,133765861984,860693927255,0,0,0,194575375811.0,0.0681606420948643,0,0,0,14.060889234686647,15.541629579125502,True,True,complete
2024-07,2024-07-01,0,0,0,0,0,0,0,201625828302,873732355168,0,0,0,206323221939.0,0.071205264347452,1215491142111,1114186595647,101304546464,0.0,23.076383415288735,False,True,partial
2024-08,2024-08-01,128184027031,0,128184027031,12702383390,10198433,54659036244,255641537,195811286635,530963988403,0,0,0,195273670170.0,0.0666493837865464,0,0,0,24.14175534136389,36.8784495581233,True,True,complete
2024-09,2024-09-01,135694444087,38354411591,97340032496,12372467188,310116425,25372733016,1207876869,174957637585,0,0,0,0,192774884196.0,0.0658215033699921,0,0,0,0.0,0.0,True,False,partial
2024-10,2024-10-01,0,0,0,0,0,0,0,185440689303,0,0,0,0,201232203721.0,0.0682829196866809,1218120657006,1110963747730,107156909276,0.0,0.0,False,False,partial
2024-11,2024-11-01,0,36421180465,-36421180465,0,0,0,0,0,912384460220,0,0,0,228213771178.0,0.0759554483474461,0,0,0,0.0,0.0,False,True,partial
2024-12,2024-12-01,0,58409354866,-58409354866,15948397834,0,0,0,15948397834,0,0,0,0,148033435030.0,0.0492563268289141,0,0,110620263435,0.0,0.0,False,False,partial
2025-01,2025-01-01,171328707329,34472727712,136855979617,0,254167048,23973023801,416611189,209613425084,1716438542708,0,0,0,146934705430.0,0.0482420969722038,1227731989154,0,112612744404,9.981639485833101,12.212113621807626,True,True,complete
2025-02,2025-02-01,168611625142,0,168611625142,14269861065,0,0,0,182881486207,0,0,0,0,132792816312.00002,0.0433806403085734,0,0,0,0.0,0.0,True,False,partial
2025-03,2025-03-01,197208145886,0,197208145886,0,309680482,36692863636,926490054,249160910299,0,0,0,0,161272548090.0,0.052031685891242,1256056310506,0,0,0.0,0.0,True,False,partial
2025-04,2025-04-01,186404418917,27395400876,159009018041,0,19355096,39208956087,437833685,226070563785,0,0,0,0,187206230943.00003,0.0611274523279826,1251175182352,1132675677447,118499504905,0.0,0.0,True,False,partial
