period,date,banco_central_asset,caja,bancos_pais,bancos_exterior,equivalentes_efectivo,total_efectivo,total_deposits,government_deposits,government_share_pct,cb_to_deposits_ratio,data_source,has_cb_data
2012-01,2012-01-01,0,0,0,0,0,0,0,18404042287.0,0.0372456134235651,0.0,old_structure,False
2012-02,2012-02-01,0,0,0,1858246512,0,42844451717,0,20493548656.0,0.0407433052217259,0.0,old_structure,False
2012-03,2012-03-01,0,0,0,0,0,0,0,21025015190.0,0.0415935137055705,0.0,none,False
2012-04,2012-04-01,0,0,0,0,0,0,0,25181830727.0,0.048576772248204,0.0,old_structure,False
2012-05,2012-05-01,0,0,0,0,0,0,0,21152188586.0,0.0410122649597527,0.0,none,False
2012-06,2012-06-01,29983720045,0,0,0,0,29983720045,0,18994332474.0,0.0365057595553964,0.0,old_structure,True
2012-07,2012-07-01,30420888686,7678916907,0,3193896065,0,41293701658,0,18953253248.4,0.0361148060788927,0.0,old_structure,True
2012-08,2012-08-01,34006258640,0,0,0,0,53148885660,0,16249400412.0,0.0299890102885973,0.0,old_structure,True
2012-09,2012-09-01,0,0,0,1542140559,0,1542140559,0,21225875286.5,0.0396822061530213,0.0,old_structure,False
2012-10,2012-10-01,0,0,0,0,0,43891149044,0,16916875455.16,0.0318366035285832,0.0,old_structure,False
2012-11,2012-11-01,0,0,0,0,0,44794656444,0,21434818549.26,0.0395824952779194,0.0,old_structure,False
2012-12,2012-12-01,0,0,0,0,0,0,0,19916990932.0,0.0354641810344521,0.0,none,False
2013-01,2013-01-01,0,0,0,0,0,44158573738,0,18349271475.57,0.0332256448118028,0.0,old_structure,False
2013-02,2013-02-01,0,0,0,0,0,0,0,19537588041.0,0.0349937955776508,0.0,none,False
2013-03,2013-03-01,32935259938,7504511686,0,1355939192,0,41795710816,0,23609770381.0,0.0416903822015252,0.0,old_structure,True
2013-04,2013-04-01,0,0,0,0,0,0,0,51565515997.0,0.0859950829870395,0.0,none,False
2013-05,2013-05-01,39528245063,0,0,353347073,0,47916420952,0,54814489299.00999,0.0893648751964192,0.0,old_structure,True
2013-06,2013-06-01,0,0,0,0,0,0,0,37735081954.62,0.0613723396854622,0.0,none,False
2013-07,2013-07-01,0,7990706976,0,1930963102,0,9921670078,0,34536419963.92,0.055938326620656,0.0,old_structure,False
2013-08,2013-08-01,0,0,0,0,0,0,0,35361474619.979996,0.0568468612553275,0.0,none,False
2013-09,2013-09-01,33130486585,5163428143,0,0,0,44364700158,0,30835550643.65001,0.0507296105835324,0.0,old_structure,True
2013-10,2013-10-01,0,0,0,0,0,0,0,43071459280.68,0.0706972341903615,0.0,none,False
2013-11,2013-11-01,0,0,0,0,0,0,0,39547696312.700005,0.0645412245988101,0.0,none,False
2013-12,2013-12-01,0,0,0,0,0,0,0,25850466570.06,0.0400884835820259,0.0,none,False
2014-01,2014-01-01,0,0,0,0,0,0,0,36054899362.28,0.0560688805214379,0.0,none,False
2014-02,2014-02-01,0,0,0,0,0,0,0,22467465287.98,0.0349975194132596,0.0,old_structure,False
2014-03,2014-03-01,36105783876,6376882893,300003341,1412306195,0,44194976305,0,22110782946.19,0.0338505864764578,0.0,old_structure,True
2014-04,2014-04-01,0,0,0,0,0,0,0,28822873857.0,0.0436922965040561,0.0,none,False
2014-05,2014-05-01,0,0,0,0,0,55289108054,0,30710004679.0,0.0470784085150485,0.0,old_structure,False
2014-06,2014-06-01,0,0,0,5530651884,0,51158051972,0,27184153620.89,0.0410014299312319,0.0,old_structure,False
2014-07,2014-07-01,0,0,0,0,0,0,0,36639036126.48,0.054280150486911,0.0,none,False
2014-08,2014-08-01,0,0,0,0,0,0,0,42212695719.590004,0.0619766749339498,0.0,none,False
2014-09,2014-09-01,0,0,0,0,0,0,0,40438771414.78999,0.0612620438203009,0.0,none,False
2014-10,2014-10-01,38094896953,0,0,0,0,38094896953,0,31885209977.0,0.0487435061524051,0.0,old_structure,True
2014-11,2014-11-01,0,0,0,29418642405,0,29418642405,0,28783036530.0,0.0441243284965135,0.0,old_structure,False
2014-12,2014-12-01,37197506793,6876747487,0,0,0,73711127747,0,17801267684.760002,0.0261864927974744,0.0,old_structure,True
2015-01,2015-01-01,0,0,0,0,0,0,0,23260014843.010002,0.0343296496185802,0.0,none,False
2015-02,2015-02-01,0,0,0,0,0,0,0,26523906326.47,0.0391289224642923,0.0,none,False
2015-03,2015-03-01,43611941502,0,670916650,0,0,44282858152,0,24840061838.400005,0.0359447612721905,0.0,old_structure,True
2015-04,2015-04-01,0,0,241498899,0,0,241498899,0,24882195183.74,0.035693052885784,0.0,old_structure,False
2015-05,2015-05-01,0,0,1549136732,30581798547,0,32130935279,0,49127341393.130005,0.0671022139566041,0.0,old_structure,False
2015-06,2015-06-01,0,6081730586,0,0,0,6081730586,0,34252125121.550003,0.0476511931031162,0.0,old_structure,False
2015-07,2015-07-01,0,0,0,13464860955,0,13464860955,0,23356110827.770004,0.0325207732072275,0.0,old_structure,False
2015-08,2015-08-01,49361449240,0,0,0,0,49361449240,0,24089370171.16,0.032756641454087,0.0,old_structure,True
2015-09,2015-09-01,0,0,876460207,0,0,876460207,0,20872881116.019997,0.0280689322042964,0.0,old_structure,False
2015-10,2015-10-01,47722331404,5365927959,247192401,4809716372,0,58145168136,0,22083819557.73,0.0300246481425383,0.0,old_structure,True
2015-11,2015-11-01,0,6309903215,0,0,0,6309903215,0,21428707473.87,0.0290284424348686,0.0,old_structure,False
2015-12,2015-12-01,0,0,0,0,0,0,0,17276383387.98,0.0225663734568239,0.0,old_structure,False
2016-01,2016-01-01,0,6286885784,333398884,0,0,6620284668,0,28012770320.75,0.0368062089460685,0.0,old_structure,False
2016-02,2016-02-01,48957909922,6006510225,0,0,0,54964420147,0,23708442531.3,0.0313421036763131,0.0,old_structure,True
2016-03,2016-03-01,48551392552,0,469365535,16106175227,0,65126933314,0,20900194850.99,0.0270102920647992,0.0,old_structure,True
2016-04,2016-04-01,0,0,0,0,0,76689237827,0,22134131188.74,0.0281927375509773,0.0,old_structure,False
2016-05,2016-05-01,0,0,0,0,0,0,0,15267415430.859999,0.0192904459855985,0.0,none,False
2016-06,2016-06-01,0,6690583876,0,0,0,6690583876,0,16583532275.320002,0.0206758241535815,0.0,old_structure,False
2016-07,2016-07-01,55916888436,0,851971664,18906033551,0,83077424534,0,21799842698.67,0.0269400499606966,0.0,old_structure,True
2016-08,2016-08-01,0,0,0,0,0,0,0,16364960514.42,0.0201671740025617,0.0,none,False
2016-09,2016-09-01,52608065609,0,0,0,0,52608065609,0,17659804467.88,0.02199551993977,0.0,old_structure,True
2016-10,2016-10-01,0,0,0,0,0,76588496321,0,18511648690.78,0.0230255391281052,0.0,old_structure,False
2016-11,2016-11-01,54297184925,6782132449,848192082,9286997140,0,71214506596,0,21101708275.289997,0.0259683332760802,0.0,old_structure,True
2016-12,2016-12-01,65360064747,5753032253,859473347,0,0,84549583896,0,19598250639.0,0.0233715650051699,0.0,old_structure,True
2017-01,2017-01-01,0,0,0,0,0,0,0,21173802064.809994,0.0257932367051189,0.0,old_structure,False
2017-02,2017-02-01,0,0,0,0,0,89820489679,0,24025949944.139996,0.0290379488651511,0.0,old_structure,False
2017-03,2017-03-01,0,0,0,0,0,0,0,23655155853.69,0.0280339228359919,0.0,none,False
2017-04,2017-04-01,0,6452221783,0,0,0,6452221783,0,38029172297.53999,0.0438725456673497,0.0,old_structure,False
2017-05,2017-05-01,66925615297,6898664001,0,8602092498,0,82426371796,0,39599843989.840004,0.0457631918735423,0.0,old_structure,True
2017-06,2017-06-01,61573721205,0,516276909,7103237345,0,69193235459,0,38212555128.549995,0.0444583609638615,0.0,old_structure,True
2017-07,2017-07-01,64513230344,0,492101044,0,0,87049166012,0,35021511718.06,0.0407884552642413,0.0,old_structure,True
2017-08,2017-08-01,0,0,0,0,0,0,0,32952249465.95,0.0376767789906017,0.0,none,False
2017-09,2017-09-01,0,0,514208681,13974973195,0,14489181876,0,35818225188.27,0.0403841357515515,0.0,old_structure,False
2017-10,2017-10-01,0,0,593802907,0,0,68898941720,0,36012627071.07001,0.040116151332771,0.0,old_structure,False
2017-11,2017-11-01,0,0,0,6810843128,0,58280460635,0,31231989545.76,0.0347143535365176,0.0,old_structure,False
2017-12,2017-12-01,0,0,0,0,0,0,0,24446907903.219997,0.0263648143755423,0.0,none,False
2018-01,2018-01-01,0,0,0,0,0,0,0,36046484241.22,0.0385838332735655,0.0,none,False
2018-02,2018-02-01,53342346096,0,0,15541583973,0,68883930069,0,31815402180.010002,0.0338371882325536,0.0,old_structure,True
2018-03,2018-03-01,0,0,380655948,8154918423,0,8535574371,0,28266616298.17,0.0297701425837841,0.0,old_structure,False
2018-04,2018-04-01,0,0,0,0,0,62838149188,0,34273100638.12,0.0358130061109223,0.0,old_structure,False
2018-05,2018-05-01,0,6458590891,0,11410027862,0,17868618753,0,29441482696.300003,0.0306820669365815,0.0,old_structure,False
2018-06,2018-06-01,0,0,0,0,0,0,0,28531320006.32,0.0294353685912113,0.0,none,False
2018-07,2018-07-01,0,6521676691,0,13172436555,0,73441010271,0,31020364570.84,0.0320660803558092,0.0,old_structure,False
2018-08,2018-08-01,0,0,0,0,0,0,0,32098121861.48,0.033102377843611,0.0,none,False
2018-09,2018-09-01,0,6633717260,355781611,0,0,68952423715,0,32031553149.24,0.0329741535794742,0.0,old_structure,False
2018-10,2018-10-01,0,0,0,0,0,0,0,32181094328.859997,0.0331509613637929,0.0,none,False
2018-11,2018-11-01,45157628592,0,0,0,0,65709122271,0,44426898648.23,0.0451000018201348,0.0,old_structure,True
2018-12,2018-12-01,0,0,0,0,0,83481468446,0,35998834351.74,0.0353307326106829,0.0,old_structure,False
2019-01,2019-01-01,0,6916790255,0,0,0,6916790255,0,31368217971.28,0.0309380695332538,0.0,old_structure,False
2019-02,2019-02-01,53047572098,6785169447,534505503,10191863898,0,70559110946,0,29610634818.670002,0.029216639672393,0.0,old_structure,True
2019-03,2019-03-01,0,0,448114848,0,0,448114848,0,31914394865.98,0.0306848712513023,0.0,old_structure,False
2019-04,2019-04-01,0,0,0,0,0,0,0,42004760000.67,0.0398113970707925,0.0,none,False
2019-05,2019-05-01,0,0,107162377,0,0,62876567275,0,27957757883.9,0.026572510769007,0.0,old_structure,False
2019-06,2019-06-01,0,0,0,0,0,82140778467,0,38181781322.92,0.0355116535751605,0.0,old_structure,False
2019-07,2019-07-01,0,0,141861461,0,0,141861461,0,33288225557.43,0.0310176844862913,0.0,old_structure,False
2019-08,2019-08-01,0,0,0,0,0,0,0,29968919898.819996,0.0279328293059795,0.0,none,False
2019-09,2019-09-01,0,0,0,9981717251,0,9981717251,0,33645073963.06,0.0306355766301659,0.0,old_structure,False
2019-10,2019-10-01,0,6927751996,0,0,0,6927751996,0,36631795659.0,0.0332255621062962,0.0,old_structure,False
2019-11,2019-11-01,0,0,0,0,0,0,0,53262186463.0,0.0472325608613206,0.0,old_structure,False
2019-12,2019-12-01,68204995516,7822668819,111419317,2570331019,0,79048599588,0,59023465538.08,0.0501169022588136,0.0,old_structure,True
2020-01,2020-01-01,0,0,0,0,0,89112062856,0,59884370743.38,0.0502093620792187,0.0,old_structure,False
2020-02,2020-02-01,0,8098486526,214821672,25381655540,0,99405985449,0,49463921865.87,0.0416738680432831,0.0,old_structure,False
2020-03,2020-03-01,0,0,0,0,0,82751987416,0,57032733563.65,0.0472085782130418,0.0,old_structure,False
2020-04,2020-04-01,0,7900469422,0,0,0,7900469422,0,59987167509.58,0.0486699154706545,0.0,old_structure,False
2020-05,2020-05-01,59143234306,9517441080,0,21322521428,0,89983196814,0,55951841637.079994,0.0433185750381282,0.0,old_structure,True
2020-06,2020-06-01,76812191844,7968328360,410765950,0,0,85191286154,0,53378353538.03,0.0398449804221539,0.0,old_structure,True
2020-07,2020-07-01,0,0,0,21686585720,0,21686585720,0,34772750981.95,0.0255059306096042,0.0,old_structure,False
2020-08,2020-08-01,56829759771,14111687926,99380165,28386043760,0,99426871622,0,32404243647.999996,0.023319790445306,0.0,old_structure,True
2020-09,2020-09-01,0,0,0,0,0,0,0,37838748224.03,0.0272196149809935,0.0,none,False
2020-10,2020-10-01,0,13291199095,174768634,23628162087,0,37094129816,0,50358620374.02,0.0354809234588899,0.0,old_structure,False
2020-11,2020-11-01,0,0,0,32409288607,0,32409288607,0,74216104971.58,0.0508596957822413,0.0,old_structure,False
2020-12,2020-12-01,0,0,62314376,0,0,116549796321,0,61790837736.53,0.0413032225385624,0.0,old_structure,False
2021-01,2021-01-01,91861045057,0,0,0,0,91861045057,0,65290646938.0,0.0432002359457176,0.0,old_structure,True
2021-02,2021-02-01,77852039958,16487453036,0,15008373244,0,109683975415,0,57637949636.0,0.0386804454010559,0.0,old_structure,True
2021-03,2021-03-01,0,0,0,0,0,104533956210,0,53011975848.0,0.0351526578120382,0.0,old_structure,False
2021-04,2021-04-01,0,0,0,34616583897,0,125006596824,0,84531481754.00002,0.0546195947592828,0.0,old_structure,False
2021-05,2021-05-01,0,0,0,0,0,0,0,102532996765.0,0.0646836314677013,0.0,old_structure,False
2021-06,2021-06-01,0,9707373840,29747210,40199940258,0,49937061308,0,114697780538.65999,0.0704190363727442,0.0,old_structure,False
2021-07,2021-07-01,0,0,0,0,0,129257051232,0,104738646917.18,0.0641249940683034,0.0,old_structure,False
2021-08,2021-08-01,0,0,109304450,39278617533,0,39387921983,0,98566752481.65,0.0597068776353719,0.0,old_structure,False
2021-09,2021-09-01,0,0,54101661,0,0,54101661,0,94493538855.42,0.0567599403748734,0.0,old_structure,False
2021-10,2021-10-01,0,0,0,0,0,0,0,108821144496.31,0.0652909791075989,0.0,old_structure,False
2021-11,2021-11-01,0,0,41553720,0,0,41553720,0,117372906516.0,0.0684776453192874,0.0,old_structure,False
2021-12,2021-12-01,0,0,0,0,0,124023782018,0,102500893788.0,0.0577348595488126,0.0,old_structure,False
2022-01,2022-01-01,146472554413,11028398067,0,0,0,192510088539,0,112742101983.0,0.0555796901570545,0.0,new_structure,True
2022-02,2022-02-01,0,0,0,0,319501760,319501760,524465768297,107515900010.0,0.0536346726303618,0.0,new_structure,False
2022-03,2022-03-01,0,9813026802,0,0,0,9813026802,513971734704,89629158109.0,0.0444638337645186,0.0,new_structure,False
2022-04,2022-04-01,0,0,70079551,33892374202,264123242,192878202761,194621829872,82999387414.0,0.0411723419006535,0.0,new_structure,False
2022-05,2022-05-01,0,0,1123085,38886540319,0,38887663404,198358159011,85321633913.0,0.0425944564570388,0.0,new_structure,False
2022-06,2022-06-01,0,0,0,0,241046533,241046533,456292296165,82054570291.0,0.0411450929944395,0.0,new_structure,False
2022-07,2022-07-01,0,0,0,26943599123,0,26943599123,135232801896,74278244815.00002,0.0370135749173484,0.0,new_structure,False
2022-08,2022-08-01,0,0,0,0,282443764,282443764,0,72987270054.0,0.0364627274531663,0.0,new_structure,False
2022-09,2022-09-01,172922852481,0,326596925,32095395587,0,205344844993,815018533560,289041143675.0,0.122585199856349,21.217045424190932,new_structure,True
2022-10,2022-10-01,0,0,0,0,0,0,176667910342,294154652501.0,0.1239417749404289,0.0,none,False
2022-11,2022-11-01,0,0,0,0,0,208016499861,631463532185,281145448085.0,0.1173363350816769,0.0,new_structure,False
2022-12,2022-12-01,0,0,0,0,0,0,0,203701834073.0,0.0848634055065154,0.0,none,False
2023-01,2023-01-01,154133481604,13104405889,68956343,44372547330,479808473,212159199639,0,176648475397.00003,0.0731436036570856,0.0,new_structure,True
2023-02,2023-02-01,128402214410,12748403702,0,0,0,195580434858,0,212023299404.0,0.0880419433887831,0.0,new_structure,True
2023-03,2023-03-01,163581930745,0,0,0,277661993,163859592738,0,205836389958.0,0.0844856252664455,0.0,new_structure,True
2023-04,2023-04-01,0,0,0,0,0,0,794294625089,206032449925.41547,0.0839735658943408,0.0,none,False
2023-05,2023-05-01,167255233296,13020613112,76863624,43704547279,227553258,224304423202,0,230172020308.0,0.0921419610701532,0.0,new_structure,True
2023-06,2023-06-01,0,11441289873,3259829,0,0,267254176861,882249201140,277347222827.99994,0.1056838395578586,0.0,new_structure,False
2023-07,2023-07-01,0,0,37381552,0,0,234397766598,0,286367332224.0,0.1070277167509862,0.0,new_structure,False
2023-08,2023-08-01,0,0,0,0,0,0,891057681220,267394559353.99997,0.0990619015069453,0.0,none,False
2023-09,2023-09-01,0,0,0,0,0,243736300786,875624303282,255597507031.0,0.0958390707969735,0.0,new_structure,False
2023-10,2023-10-01,0,0,0,0,0,242623131748,873713585764,248584305210.0,0.0923647678974304,0.0,new_structure,False
2023-11,2023-11-01,0,0,0,0,0,0,851691033995,228606183756.0,0.0848375530486898,0.0,none,False
2023-12,2023-12-01,0,0,0,0,0,251294853601,811703368086,158490841867.0,0.0587525497095622,0.0,new_structure,False
2024-01,2024-01-01,154714995752,13556530351,0,0,0,168271526103,818950381434,152972386444.0,0.0568476145052896,18.89186442298136,new_structure,True
2024-02,2024-02-01,0,0,0,0,434876222,195785931292,0,173867205519.99997,0.0637542880154589,0.0,new_structure,False
2024-03,2024-03-01,129803531195,13420558510,36922605,0,0,143261012310,0,184984717036.0,0.066685003699539,0.0,new_structure,True
2024-04,2024-04-01,116141741547,0,337572987,42353728117,880567524,172005985892,353943698789,194013687082.99997,0.0698739798974637,32.81362034254966,new_structure,True
2024-05,2024-05-01,143151879707,0,0,0,0,143151879707,877944868057,213117691076.0,0.0745970016079737,16.305338172750268,new_structure,True
2024-06,2024-06-01,121021219761,12744642223,0,0,0,133765861984,860693927255,194575375811.0,0.0681606420948643,14.060889234686647,new_structure,True
2024-07,2024-07-01,0,0,0,0,0,201625828302,873732355168,206323221939.0,0.071205264347452,0.0,new_structure,False
2024-08,2024-08-01,128184027031,12702383390,10198433,54659036244,255641537,195811286635,530963988403,195273670170.0,0.0666493837865464,24.14175534136389,new_structure,True
2024-09,2024-09-01,135694444087,12372467188,310116425,25372733016,1207876869,174957637585,0,192774884196.0,0.0658215033699921,0.0,new_structure,True
2024-10,2024-10-01,0,0,0,0,0,185440689303,0,201232203721.0,0.0682829196866809,0.0,new_structure,False
2024-11,2024-11-01,0,0,0,0,0,0,912384460220,228213771178.0,0.0759554483474461,0.0,none,False
2024-12,2024-12-01,0,15948397834,0,0,0,15948397834,0,148033435030.0,0.0492563268289141,0.0,new_structure,False
2025-01,2025-01-01,171328707329,0,254167048,23973023801,416611189,209613425084,1716438542708,146934705430.0,0.0482420969722038,9.981639485833101,new_structure,True
2025-02,2025-02-01,168611625142,14269861065,0,0,0,182881486207,0,132792816312.00002,0.0433806403085734,0.0,new_structure,True
2025-03,2025-03-01,197208145886,0,309680482,36692863636,926490054,249160910299,0,161272548090.0,0.052031685891242,0.0,new_structure,True
2025-04,2025-04-01,186404418917,0,19355096,39208956087,437833685,226070563785,0,187206230943.00003,0.0611274523279826,0.0,new_structure,True
